Model,Precision,Recall,F1
IsolationForest,0.09090909090909091,0.125,0.10526315789473684
LOF,0.0,0.0,0.0
OneClassSVM,0.0,0.0,0.0
